{
  "aggregate": {
    "precision@1": {
      "mean": 0.6,
      "min": 0.0,
      "max": 1.0
    },
    "recall@1": {
      "mean": 0.11768115942028985,
      "min": 0.0,
      "max": 0.5
    },
    "f1@1": {
      "mean": 0.17954545454545454,
      "min": 0,
      "max": 0.6666666666666666
    },
    "precision@3": {
      "mean": 0.4,
      "min": 0.0,
      "max": 1.0
    },
    "recall@3": {
      "mean": 0.21202898550724636,
      "min": 0.0,
      "max": 1.0
    },
    "f1@3": {
      "mean": 0.23641025641025637,
      "min": 0,
      "max": 0.8
    },
    "precision@5": {
      "mean": 0.38,
      "min": 0.0,
      "max": 1.0
    },
    "recall@5": {
      "mean": 0.2940579710144927,
      "min": 0.0,
      "max": 1.0
    },
    "f1@5": {
      "mean": 0.28238095238095234,
      "min": 0,
      "max": 0.6666666666666666
    },
    "precision@10": {
      "mean": 0.28,
      "min": 0.0,
      "max": 0.9
    },
    "recall@10": {
      "mean": 0.3557971014492754,
      "min": 0.0,
      "max": 1.0
    },
    "f1@10": {
      "mean": 0.2686480186480186,
      "min": 0,
      "max": 0.6
    },
    "mrr": {
      "mean": 0.62,
      "min": 0,
      "max": 1.0
    },
    "map": {
      "mean": 0.31017632850241544,
      "min": 0,
      "max": 1.0
    },
    "ndcg": {
      "mean": 0.23667412012951203,
      "min": 0.0,
      "max": 0.6118023753166199
    },
    "response_time": {
      "mean": 0.014084482192993164,
      "min": 0.005446910858154297,
      "max": 0.03568291664123535
    }
  },
  "detailed": [
    {
      "query": "Roger Ailes Fox News creation",
      "topic": "media",
      "precision@1": 1.0,
      "recall@1": 0.5,
      "f1@1": 0.6666666666666666,
      "precision@3": 0.6666666666666666,
      "recall@3": 1.0,
      "f1@3": 0.8,
      "precision@5": 0.4,
      "recall@5": 1.0,
      "f1@5": 0.5714285714285715,
      "precision@10": 0.2,
      "recall@10": 1.0,
      "f1@10": 0.33333333333333337,
      "mrr": 1.0,
      "ap": 1.0,
      "ndcg": 0.6118023753166199,
      "response_time": 0.03568291664123535
    },
    {
      "query": "Schedule F federal workforce",
      "topic": "civil_service",
      "precision@1": 1.0,
      "recall@1": 0.3333333333333333,
      "f1@1": 0.5,
      "precision@3": 0.3333333333333333,
      "recall@3": 0.3333333333333333,
      "f1@3": 0.3333333333333333,
      "precision@5": 0.4,
      "recall@5": 0.6666666666666666,
      "f1@5": 0.5,
      "precision@10": 0.2,
      "recall@10": 0.6666666666666666,
      "f1@10": 0.30769230769230765,
      "mrr": 1.0,
      "ap": 0.4666666666666666,
      "ndcg": 0.3471202300145076,
      "response_time": 0.019578933715820312
    },
    {
      "query": "cryptocurrency market manipulation",
      "topic": "crypto",
      "precision@1": 1.0,
      "recall@1": 0.043478260869565216,
      "f1@1": 0.08333333333333333,
      "precision@3": 0.6666666666666666,
      "recall@3": 0.08695652173913043,
      "f1@3": 0.15384615384615383,
      "precision@5": 0.8,
      "recall@5": 0.17391304347826086,
      "f1@5": 0.2857142857142857,
      "precision@10": 0.9,
      "recall@10": 0.391304347826087,
      "f1@10": 0.5454545454545454,
      "mrr": 1.0,
      "ap": 0.34366804692891645,
      "ndcg": 0.34462929846944884,
      "response_time": 0.018418073654174805
    },
    {
      "query": "regulatory capture deregulation",
      "topic": "regulation",
      "precision@1": 1.0,
      "recall@1": 0.1,
      "f1@1": 0.18181818181818182,
      "precision@3": 0.3333333333333333,
      "recall@3": 0.1,
      "f1@3": 0.15384615384615383,
      "precision@5": 0.2,
      "recall@5": 0.1,
      "f1@5": 0.13333333333333333,
      "precision@10": 0.2,
      "recall@10": 0.2,
      "f1@10": 0.20000000000000004,
      "mrr": 1.0,
      "ap": 0.13333333333333333,
      "ndcg": 0.1580970410298629,
      "response_time": 0.018449068069458008
    },
    {
      "query": "threats to democracy",
      "topic": "democracy",
      "precision@1": 1.0,
      "recall@1": 0.1,
      "f1@1": 0.18181818181818182,
      "precision@3": 1.0,
      "recall@3": 0.3,
      "f1@3": 0.4615384615384615,
      "precision@5": 1.0,
      "recall@5": 0.5,
      "f1@5": 0.6666666666666666,
      "precision@10": 0.6,
      "recall@10": 0.6,
      "f1@10": 0.6,
      "mrr": 1.0,
      "ap": 0.6,
      "ndcg": 0.3914855718101691,
      "response_time": 0.018229007720947266
    },
    {
      "query": "media control propaganda",
      "topic": "media",
      "precision@1": 0.0,
      "recall@1": 0.0,
      "f1@1": 0,
      "precision@3": 0.0,
      "recall@3": 0.0,
      "f1@3": 0,
      "precision@5": 0.2,
      "recall@5": 0.1,
      "f1@5": 0.13333333333333333,
      "precision@10": 0.1,
      "recall@10": 0.1,
      "f1@10": 0.10000000000000002,
      "mrr": 0.2,
      "ap": 0.02,
      "ndcg": 0.03221170596218311,
      "response_time": 0.006624937057495117
    },
    {
      "query": "Trump executive orders",
      "topic": "executive_power",
      "precision@1": 1.0,
      "recall@1": 0.1,
      "f1@1": 0.18181818181818182,
      "precision@3": 1.0,
      "recall@3": 0.3,
      "f1@3": 0.4615384615384615,
      "precision@5": 0.8,
      "recall@5": 0.4,
      "f1@5": 0.5333333333333333,
      "precision@10": 0.6,
      "recall@10": 0.6,
      "f1@10": 0.6,
      "mrr": 1.0,
      "ap": 0.5380952380952382,
      "ndcg": 0.4813949786923288,
      "response_time": 0.0060880184173583984
    },
    {
      "query": "corruption investigation journalism",
      "topic": "corruption",
      "precision@1": 0.0,
      "recall@1": 0.0,
      "f1@1": 0,
      "precision@3": 0.0,
      "recall@3": 0.0,
      "f1@3": 0,
      "precision@5": 0.0,
      "recall@5": 0.0,
      "f1@5": 0,
      "precision@10": 0.0,
      "recall@10": 0.0,
      "f1@10": 0,
      "mrr": 0,
      "ap": 0,
      "ndcg": 0.0,
      "response_time": 0.006093025207519531
    },
    {
      "query": "Lewis Powell memo 1971",
      "topic": "historical",
      "precision@1": 0.0,
      "recall@1": 0.0,
      "f1@1": 0,
      "precision@3": 0.0,
      "recall@3": 0.0,
      "f1@3": 0,
      "precision@5": 0.0,
      "recall@5": 0.0,
      "f1@5": 0,
      "precision@10": 0.0,
      "recall@10": 0.0,
      "f1@10": 0,
      "mrr": 0,
      "ap": 0,
      "ndcg": 0.0,
      "response_time": 0.006233930587768555
    },
    {
      "query": "January 6 Capitol attack",
      "topic": "insurrection",
      "precision@1": 0.0,
      "recall@1": 0.0,
      "f1@1": 0,
      "precision@3": 0.0,
      "recall@3": 0.0,
      "f1@3": 0,
      "precision@5": 0.0,
      "recall@5": 0.0,
      "f1@5": 0,
      "precision@10": 0.0,
      "recall@10": 0.0,
      "f1@10": 0,
      "mrr": 0,
      "ap": 0,
      "ndcg": 0.0,
      "response_time": 0.005446910858154297
    }
  ],
  "num_queries": 10,
  "timestamp": "2025-08-27 00:40:04"
}